{
    "model": "sentence-transformers/msmarco-MiniLM-L-12-v3",
    "device": "mps",
    "embedding_dim": 384,
    "timestamp": "2025-11-22T20:16:26.248983",
    "train": {
        "threshold": 0.7,
        "accuracy": 0.8161213220143411,
        "precision": 1.0,
        "recall": 0.8161213220143411,
        "f1": 0.8987519854776492,
        "mean_cosine": 0.8266593813896179,
        "median_cosine": 0.8772356510162354
    },
    "val": {
        "threshold": 0.7,
        "accuracy": 0.8244020025959578,
        "precision": 1.0,
        "recall": 0.8244020025959578,
        "f1": 0.9037503811362944,
        "mean_cosine": 0.8273360133171082,
        "median_cosine": 0.8782061338424683
    },
    "test": {
        "threshold": 0.7,
        "accuracy": 0.8193146417445483,
        "precision": 1.0,
        "recall": 0.8193146417445483,
        "f1": 0.9006849315068494,
        "mean_cosine": 0.8277823328971863,
        "median_cosine": 0.8796707987785339
    }
}